publish_date,start_date,end_date,motivation,description,expected_change,percentage_trade,author,debit_currency,debit_amount,credit_currency,credit_amount
2021-07-02,2022-11-18,2022-12-30,Dash will go down in January,Modern to real claim appear organization value. House house himself throw summer challenge cover. Professor senior property. Eight her administration issue. Behind agree hot them eye participant add.,41,9,62,Euro,1984.8175199999998,Litecoin,2783.179152
2022-03-14,2023-01-02,2023-01-18,Ubiq will go up on Thursday,Sense look mission official surface white send myself. Very miss letter senior order. Four example soldier. Near free you stock avoid one. Different again animal way.,85,12,30,Yuán,33088.634568,Bitcoin Cash,13772.642154999998
2021-08-01,2022-01-01,2022-07-30,Ethereum Classic will go down on Thursday,Fall sea rate ever college. War trade year difference institution. Crime live imagine use agreement black.,97,71,74,Euro,8283.616344,Bitcoin Cash,6405.636464
2022-03-20,2023-05-17,2023-05-18,Primecoin will go up on Friday,Behavior impact action maintain. Painting realize choice. Role much boy. Seven money score option off. Support certainly fall purpose. Off involve whatever understand senior question.,100,57,53,Bitcoin,8062.138448,Canadian-Dollar,15264.743864999999
2022-05-18,2023-04-29,2023-05-05,Dogecoin will go up in September,Other remain to responsibility. Share note career dinner carry. Every reveal speech amount instead discover task.,145,72,16,Canadian-Dollar,1137.795904,Yen,2401.3623719999996
2021-11-26,2022-03-29,2022-12-03,Monero will go down on Wednesday,Deep analysis sister thought issue fast. Voice anyone agent language shake. Defense send win image before six politics option.,67,89,26,Yuán,19212.329313000002,Bitcoin,4219.007264
2022-02-06,2023-01-21,2023-03-13,Sirin Labs will go up on Sunday,Feeling modern order around TV spring product. Ground also almost early consider.,51,77,3,Bitcoin Cash,23135.0778,Euro,159.301008
2022-04-10,2022-09-28,2023-03-16,Cardano will go up on Saturday,Which prepare beautiful often almost Republican bag speak. Serious whom military note job. Leg field most yet once red large future.,89,40,60,Bitcoin Cash,18278.068361999998,Ethereum,19627.170120000002
2021-06-03,2022-11-18,2022-12-11,Zclassic will go up on Friday,Cause win service drive. Imagine matter will pick. Government cost weight degree theory state both.,193,57,58,Bitcoin Cash,2815.79495,Ethereum,31193.739423
2021-10-27,2023-03-16,2023-05-09,Omni will go up on Wednesday,Evening teacher behavior compare. Strong visit rich fund. Expect section ready number sea hold fact.,65,12,32,Litecoin,33757.83969,Canadian-Dollar,4422.482248
2021-06-09,2022-09-28,2023-01-10,Tether will go down on Thursday,Material pass too dog big per medical turn. Thousand customer nature find better avoid strong. Parent truth drop ready.,94,28,64,Yuán,1952.85304,US-Dollar,282.768651
2022-05-16,2022-09-11,2023-03-14,Zclassic will go down in February,Pressure see word his Democrat reveal act value. Last nearly recent approach any throughout. Feel great better lot blue research. Family simply throw project lot.,93,8,62,Litecoin,312.81564,Yuán,535.270437
2022-01-10,2022-04-23,2023-04-16,Waves Platform will go up in June,Place truth view medical dinner write character. Several themselves condition talk run my. Though social blue factor Mrs. Federal simply take into action company staff other.,47,69,52,Yen,276.98328899999996,Ethereum,1072.291887
2021-10-08,2022-07-25,2022-08-13,Gridcoin will go down on Thursday,Public start relationship miss teach. Whom ten feeling weight specific. Whose possible manage without bag fish current. Age center after. Bit hot step study.,161,42,41,Yuán,10195.613328000001,Ethereum,82682.07948
2021-11-22,2023-02-01,2023-05-18,Waves Platform will go up on Friday,Green break fast. Strong laugh school hundred. Seek able far the. Will probably traditional. Center water think shake. Call one including future head. Mrs report police especially.,85,26,94,Yen,10684.715242000002,Bitcoin,20627.242944000005
2021-10-29,2022-08-28,2023-01-27,Primecoin will go up in October,Still until option indicate something. Value building under watch want kitchen. Give red better write away cold trouble. Human office exactly worry same back.,14,38,75,Ethereum,4912.7494050000005,US-Dollar,3540.72264
2021-10-24,2022-06-16,2022-11-18,Ripple will go up on Wednesday,Partner above decade. Never within team yes Democrat more. Line concern office political. Soon green build million attention spend bit. Behind military civil want situation.,233,94,97,Yen,6766.3242359999995,US-Dollar,82603.122617
2022-05-13,2022-07-05,2022-09-02,TRON will go down on Friday,Learn lay interesting environmental hour upon. Reveal recognize arrive travel. Theory away audience black guy safe. Season will great prove. During risk local conference. Foot other assume.,53,78,57,Yen,75979.470815,Bitcoin,19284.784767999998
2021-08-11,2023-03-13,2023-05-13,BlackCoin will go up on Monday,Include many end apply. Relationship any west yet. Might space movement. Seek join director site worry father ball. Share middle site smile industry. Truth table occur discuss.,48,76,57,Bitcoin,46895.345444,Dogecoin,1633.195206
2021-10-15,2022-06-15,2022-07-01,Omni will go up on Tuesday,Quite green animal amount toward approach management raise. Base Mr language read everyone. Rock mother want close song.,107,53,6,US-Dollar,14981.414063,Bitcoin,8141.419044
2022-05-07,2022-06-06,2022-08-29,Ethereum Classic will go up in October,Treatment expect lot. Mention able speak girl professional. Site always contain hotel. Indicate nice senior race PM top. Dream send notice. Cut defense although.,151,46,33,Canadian-Dollar,30173.497416000002,US-Dollar,21971.096138999997
2021-11-27,2022-04-10,2022-06-25,Zcash will go up in December,Word deep ability sit but avoid. More myself account compare. Forward everyone list operation spring small.,14,87,16,Yen,9354.546534,Canadian-Dollar,20183.29824
2022-02-16,2023-04-27,2023-05-12,Ubiq will go up in September,Information within pressure nearly collection story successful. Above security worker author watch interesting. Almost rather guy water.,58,50,87,Canadian-Dollar,114854.845207,Euro,50128.836768
2021-07-30,2022-08-08,2023-01-31,NEO will go up on Thursday,Throughout unit role week rest claim watch. Medical figure ready safe share into this. Similar question case term. Develop poor minute sea special listen many.,174,39,24,Bitcoin Cash,239.624141,Euro,6367.137324
2021-06-11,2022-04-01,2022-10-21,PotCoin will go down on Tuesday,Particular interesting kitchen eight into next card. Have color citizen wind. Nor pick still rock everything list career. Relate suggest cover party position do.,153,68,98,Yen,32.199509,Bitcoin Cash,7.44465
2021-10-10,2022-11-26,2023-02-26,Monero will go up on Monday,Analysis itself story soldier. City after step. Country front himself development focus choose wind.,93,43,74,Euro,1480.594644,Bitcoin Cash,29238.476599
2022-01-01,2022-04-06,2022-07-31,Zclassic will go up on Tuesday,Six again church building. Whatever debate Democrat base machine leader order. Course fish prepare time training bank. Firm necessary along treat represent mission often.,50,78,23,Litecoin,19540.785730000003,Bitcoin,18245.983707
2021-05-20,2022-09-27,2022-12-27,Tether will go up on Saturday,Board build consumer control girl realize what memory. Ready interest hard determine Mr last us still. Me few around cold receive.,219,59,31,Litecoin,3787.859152,Euro,12729.732207000001
2021-06-27,2022-08-29,2023-05-18,Nxt will go up on Tuesday,Hair film company view area. Some finally industry back rich speak them side. Body future record stock risk. Friend everything myself gun effect throughout forward.,166,85,61,US-Dollar,1557.1975,Yen,7965.36189
2021-10-03,2022-03-10,2022-07-06,Ethereum will go down in December,Ahead team industry red. Animal poor production between nearly. Himself water age last foreign red attack those. Pass east try leader. Center sometimes without impact future.,15,53,74,Euro,535.6709999999999,Bitcoin Cash,11259.309711
2022-02-16,2022-04-19,2023-03-15,Ubiq will go up in August,Best these test tough. Challenge example nor reason positive. News dinner none activity trade season. Since right operation tough. Agency newspaper soon attack.,38,71,51,Yen,21861.644882,Dogecoin,672.430444
2021-06-03,2022-01-05,2023-03-29,BlackCoin will go up in June,Stuff near morning beautiful. Rate foreign after military. Others rest mean through may. Song these room talk sit. They audience church majority. Method four your long everything guess.,208,4,43,Ethereum,109338.777675,Canadian-Dollar,23363.129225
2022-04-05,2022-04-26,2022-07-21,Decred will go up in June,Life source special successful seem. Interview financial lot moment yes process here. Where benefit every relationship theory decade rise. Population foreign never truth.,55,97,97,Litecoin,98058.072135,US-Dollar,133012.058426
2022-05-13,2022-06-06,2022-09-14,Peercoin will go up in April,Sense radio develop trade knowledge into concern. Whatever event term treat public new. Republican law clearly coach know.,76,30,57,Bitcoin,16966.31144,Yen,59651.87368
2022-05-13,2023-02-25,2023-04-02,Feathercoin will go up in July,Either lay reveal your. Impact she five these someone act. Message team dream one popular. Sea past particular PM PM. Action tax close bar school forward safe. Fight wall seek ten specific floor.,13,79,23,US-Dollar,31227.542802,Litecoin,10783.587284000001
2021-09-05,2022-09-14,2023-03-01,Dogecoin will go up on Saturday,Practice on deal success. Affect center price spring certainly town. Next poor response trouble. Share be open the fill hard better.,21,33,4,Litecoin,183.897903,Yuán,13.078923
2022-05-02,2022-07-28,2022-09-12,Ethereum Classic will go down in June,Positive upon left quickly why place. At cost prepare together page long.,234,78,42,Canadian-Dollar,8469.55082,Dogecoin,6318.910205
2021-12-08,2022-01-27,2022-01-31,Dogecoin will go up on Friday,Her series large town stuff around. Majority apply air Mrs. Book garden instead perhaps.,169,55,87,Euro,17276.155482,Canadian-Dollar,85586.05803
2022-03-27,2022-11-16,2023-01-31,Waves Platform will go up on Wednesday,Role writer career various. Leader student add according majority civil. Save low by mission enough. Drive field happen series their matter.,154,7,96,Euro,22121.712662,Litecoin,2218.534008
2021-11-21,2022-07-24,2022-11-26,Ubiq will go down on Saturday,Bag vote month remember style data green. Argue mean east sort ok charge. World second technology work. Industry last strategy firm receive explain. Most little big hard section option.,166,2,62,Dogecoin,6.121824,Euro,33.329015999999996
2022-02-01,2022-05-15,2023-04-19,Namecoin will go up on Sunday,Throw over with. Dog watch of. Will forward recognize apply. Two beat sister dinner. Improve exactly employee drive. Information put forward especially you.,180,39,75,US-Dollar,6775.799939999999,Bitcoin,61365.573216000004
2021-10-08,2023-01-31,2023-05-01,Ubiq will go up on Thursday,Local worry resource. Military near group hospital wonder provide modern also. North they today none offer maintain morning.,187,78,9,Bitcoin,20506.657944,Yen,6182.386559999999
2021-12-23,2022-03-10,2023-05-10,Omni will go down in March,Day leg moment hold for. True list such into appear necessary deep. Especially it full part out market. Model stand glass source page kitchen.,30,51,98,Bitcoin Cash,8.273745000000002,Yen,59.74113
2022-03-26,2023-05-14,2023-05-17,Zclassic will go down in September,Smile report person travel but discussion. Outside necessary should what.,159,45,31,Litecoin,31649.530934000002,Euro,50073.190083
2022-01-23,2023-03-10,2023-04-07,Coinye will go up in September,Quite city so nation population back. When success also affect collection. Thousand gun available design. Region hot few reflect best none.,123,49,60,Ethereum,688.61538,Bitcoin Cash,43582.502226
2021-06-19,2021-11-24,2022-07-26,Ripple will go down in December,Capital rich difference project if fall second sell. Include point wall pressure position.,202,90,44,Dogecoin,202455.151038,Canadian-Dollar,26019.629922
2021-12-22,2023-01-31,2023-03-29,Gridcoin will go up on Wednesday,Military within speech wait well likely five. Outside Congress surface book. Southern example exist yeah and education scientist. Man more artist hope sport add.,222,8,7,Yuán,12899.373552000001,Bitcoin,61613.869463999996
2021-12-05,2023-02-23,2023-04-23,Litecoin will go up in February,Hit wait move firm life discussion detail. Parent move good project business yeah on relationship. Standard difficult week just listen easy law.,12,17,94,Litecoin,5338.56378,Bitcoin,24398.333148
2021-06-08,2022-05-12,2022-09-08,AMP will go up in March,Establish increase can sure. Include go law. Result clear sister perhaps. Sell structure get. Huge learn later after. Try ability cultural decide administration. Shoulder grow gun face smile.,30,99,40,Dogecoin,5153.1865020000005,Euro,4213.046046
2021-11-30,2022-02-03,2022-07-29,Emercoin will go down in August,Story town certainly avoid. Will eye big be lose. Friend social message minute against pay must.,169,35,44,Canadian-Dollar,54388.625853,Dogecoin,9220.90779
2022-04-29,2022-05-05,2023-05-10,SwiftCoin will go up on Sunday,Score fear effort much bit. Identify fight tend indicate year may. Even step store argue indeed amount.,213,37,30,Ethereum,38036.86887,Bitcoin Cash,929.4718079999999
2022-01-20,2022-05-10,2022-09-28,SwiftCoin will go up on Monday,School kitchen street rest. Business throughout professional name. Home of American hold offer. Hope key most network.,241,1,72,US-Dollar,1997.33562,Yen,68917.381875
2021-12-12,2023-02-09,2023-02-12,Ethereum Classic will go up on Monday,Simple country beautiful on agency the big. Measure season wait head thing establish. Value occur conference purpose.,215,51,72,Ethereum,16781.79492,US-Dollar,615.1458600000001
2022-02-06,2022-11-09,2022-12-10,Ethereum will go down in March,Speech offer everything ten economy. Message six visit remain the chance major assume. Write first tree particular opportunity.,199,92,10,Litecoin,42234.34614,Euro,78628.01338799999
2022-05-05,2023-05-11,2023-05-14,Coinye will go down in April,Business long meet policy successful health wait. Many garden contain nation. Worry what article read matter west leader.,127,87,9,Bitcoin,752.56396,Canadian-Dollar,8760.06552
2022-01-31,2023-03-09,2023-05-17,SwiftCoin will go down in August,Political difference financial. Charge away with moment others score. For then relate me anything your at. Dog evening never specific once especially.,167,53,39,Canadian-Dollar,23624.93694,Yuán,46209.119832
2021-11-24,2023-01-22,2023-03-14,MazaCoin will go down in October,Deep tell forget table. Rule debate political article president name. Travel direction serious international artist ago.,220,77,75,Bitcoin,11584.734511999999,US-Dollar,1260.2908499999999
2021-09-26,2022-10-01,2023-03-06,Zclassic will go down on Saturday,Could despite culture leader open whatever allow. Security sea claim religious very end.,135,42,55,US-Dollar,5200.353852,Litecoin,1322.6104160000002
2021-10-21,2022-11-05,2023-03-17,Namecoin will go up in February,However husband team now visit accept war. Prove its accept wrong ago who. Necessary usually less scientist tend.,92,68,87,Canadian-Dollar,26137.589932000003,Euro,6324.124083
2022-02-02,2022-09-07,2022-12-02,TRON will go up in February,Let despite every in create player west. Public chance wind exist determine event focus. Will accept personal art way child along.,241,42,18,Canadian-Dollar,10235.727651000001,Dogecoin,720.27675
2022-03-24,2022-11-15,2023-04-29,Bitcoin Cash will go down on Tuesday,Guess common successful language. Nor traditional race station word charge.,87,92,24,Litecoin,13574.404872,Bitcoin Cash,432.163684
2022-02-17,2022-04-15,2022-07-14,Emercoin will go up on Monday,Star movement hit teacher officer. Social possible paper citizen water among crime.,48,19,81,Yen,665.45843,Euro,1066.883125
2021-09-28,2022-02-12,2023-04-08,MazaCoin will go down on Friday,Sister create member moment. State recently budget drop agree. Hand Mr none already also practice beautiful.,53,58,69,Dogecoin,1946.772164,Yen,513.0496
2022-02-22,2023-01-17,2023-03-21,Emercoin will go up on Sunday,Yourself focus same system remain tree. Far job group story anyone answer. Ok first either answer. Bill right understand theory scientist news. Now lose push rich. Member audience set list forward a.,192,33,55,US-Dollar,6413.691597,Litecoin,6367.1553650000005
2022-01-23,2023-02-07,2023-05-03,Sirin Labs will go up in November,Marriage attorney station. Something green direction hospital left accept.,188,3,70,Canadian-Dollar,427.14860100000004,Bitcoin,669.7968900000001
2021-07-07,2023-03-29,2023-05-07,Zclassic will go up on Tuesday,Pressure floor couple yet project strategy. Dog again political we heart bit former. Expect partner with really amount station high.,24,1,30,Bitcoin Cash,77480.188995,Yuán,2842.6662
2021-06-26,2021-10-27,2023-04-04,Tether will go up on Monday,Later hotel technology Mr note. Garden quite body scientist democratic. Life place design wind factor. Action store will network. Prepare tell of. Quite already rise alone pressure her.,105,50,92,Yuán,2064.896825,Bitcoin,9615.449768
2022-04-16,2023-05-16,2023-05-19,SwiftCoin will go down on Saturday,Meet down relationship way financial subject size. Congress everything young structure suffer for.,47,69,40,Dogecoin,5158.358307,US-Dollar,25950.597092000004
2021-10-01,2022-09-27,2022-12-05,Feathercoin will go down in May,Arrive marriage evidence development dinner less. Example identify check teach field. Chance travel operation. Story some table short. Hear his light buy agency little.,100,36,96,Litecoin,25434.0604,Yen,39896.46828
2021-10-13,2022-05-30,2023-04-03,Monero will go down in December,Dog paper second require. Week option outside again. See green PM offer table. Build whom idea in. Finish always together again reflect with tax thus.,78,17,42,Dogecoin,4494.832205000001,Canadian-Dollar,10032.048782
2021-11-20,2022-01-28,2023-05-10,Zcash will go up in July,Involve always popular once. Where cost reveal today. Word include money why other idea. Oil art plant detail spring. Little force seat store real garden.,23,90,96,Yen,204.148595,Litecoin,12460.55228
2022-02-05,2022-09-16,2023-05-08,Emercoin will go up in September,Up bag with upon experience her admit. Agency general organization worry loss he. Eight traditional affect per share hope.,131,95,31,Euro,33398.495859,Litecoin,9275.950537
2021-08-25,2021-12-07,2023-04-21,Gridcoin will go down in December,Door when open summer pressure finally. Its above through agree scene. Money card here receive professional relate world. Help participant word evidence. Scene real kid right form section painting.,238,79,76,Ethereum,39029.116103,Canadian-Dollar,34791.652204000005
2021-12-31,2022-08-05,2022-11-08,Bitcoin will go up on Sunday,Understand heart campaign mother space. Decide commercial eat Republican traditional. Unit act article country coach what.,173,93,84,Yuán,26540.295291,Bitcoin,1583.6676320000001
2021-09-14,2023-01-03,2023-04-14,MazaCoin will go up in April,Rich world understand fast. Mr sit type amount like. Fund herself some bad speak window able. Stage everyone past himself why fall science. White image another fact member heart stand single.,171,73,69,Dogecoin,1879.3346299999998,Yen,459.729088
2022-01-23,2022-10-10,2022-11-17,Dogecoin will go up on Monday,Yeah image type attention. Degree around from manage where doctor drug. Majority strong case. Exist message sell investment camera. Rise perhaps popular.,22,16,30,Ethereum,3182.84967,Yuán,3042.514248
2021-11-27,2023-04-02,2023-04-16,Namecoin will go up in August,Buy model father stage career put agreement. Development reflect son next manager. Commercial approach class worker only way.,214,95,94,Bitcoin,54601.525440000005,Yen,4204.079552
2021-07-05,2023-01-19,2023-02-22,Bitcoin Cash will go down on Saturday,Doctor husband section chance dinner product. Probably win area alone will. Tonight mission pressure fine pattern.,30,11,82,Yen,621.1885440000001,Canadian-Dollar,394.204432
2022-03-04,2022-04-01,2022-11-25,EOS.IO will go up in March,Say question significant turn kid. It ready well study energy room. Thing back score good society citizen guy.,34,88,53,Bitcoin,12219.949456,Canadian-Dollar,39162.95069699999
2022-02-17,2022-09-06,2023-01-09,EOS.IO will go up in October,Camera prove cup school sign. Investment clear wife let old nor. Shoulder out political out so recognize loss. Should threat player American chair. Movie safe arm professional social.,70,40,26,Bitcoin,411.827254,Yuán,27422.05887
2021-08-02,2021-08-22,2023-04-19,SwiftCoin will go down in April,Third agent above film hour son. She forget employee. Green opportunity learn pressure parent suffer however.,203,26,73,Bitcoin,33907.355368000004,Euro,65024.46034199999
2021-11-19,2022-07-12,2023-01-27,Decred will go up on Monday,Hand than mind. Trial score color ten environmental. Through since great popular. Positive information newspaper bad grow. Hard suffer activity change available.,107,9,52,Yen,4212.433467,Ethereum,538.0581599999999
2022-02-10,2022-10-25,2022-11-08,Dogecoin will go up in September,Security include art under hope off. Window everybody should must wonder others. Only again general could song threat son well. Official conference at stay while.,215,29,42,Dogecoin,177.847605,Canadian-Dollar,1548.7375220000001
2021-11-25,2022-11-09,2022-11-17,Dogecoin will go up on Sunday,Enough blood begin reduce. Receive my these. Example himself walk evidence me. Care for return visit reason already. Idea miss Democrat most form soon on.,119,44,4,Litecoin,151.35363900000002,Yuán,12.343881
2021-11-02,2022-09-14,2023-04-12,MazaCoin will go down in November,Focus investment accept recognize drive lose. Difficult view government close. Determine civil brother when community over. Little off none speech no read economy.,40,31,4,Yuán,7.74774,Litecoin,486.26300999999995
2022-03-14,2023-02-18,2023-04-20,Omni will go up in November,Lead suggest south huge happy resource. Yourself discuss degree eye mission. Suffer political week or if order natural. Event inside majority age. Tree stop foreign forget lay.,122,86,26,Yuán,32765.032773000003,Bitcoin,6556.645418
2022-04-20,2022-05-25,2022-06-23,TRON will go up on Thursday,Nearly mind feeling. Medical scene have from hold security. Summer statement language part message save play.,186,43,35,Ethereum,9997.565939999999,Yuán,47251.207514
2021-10-27,2022-03-01,2022-08-08,SwiftCoin will go up in September,Less guess talk figure south fear nothing affect. Price affect third color detail determine whose. Just statement machine street different power travel. Heavy heavy budget serious resource executive.,4,27,42,Canadian-Dollar,6415.80515,Dogecoin,6773.40964
2022-03-13,2022-12-17,2023-02-09,Ethereum Classic will go up in April,Account court dinner think. Thus song open choice public tough anyone. Before eight least each environmental. Feeling government new ball security environmental.,8,76,42,Canadian-Dollar,7635.668156,Dogecoin,11271.281975
2021-12-14,2022-12-09,2023-04-25,TRON will go up on Friday,Rich cost mean test just. Black watch task area leader building senior. Open effect example. Sing wonder almost instead agency public. His kind single according baby.,2,91,26,Bitcoin,4731.5692420000005,Yuán,525.642237
2022-02-04,2023-01-18,2023-01-24,Cardano will go up on Friday,Daughter move purpose often study television poor building. There blue wall spend doctor city style. Media police discuss water difficult Republican.,197,30,9,Canadian-Dollar,14171.938272,Yen,3319.812783
2022-04-02,2022-09-19,2022-10-04,MazaCoin will go up on Friday,Society president establish lose make discuss. Us either modern trip structure. Voice without natural at Mrs.,37,61,32,Canadian-Dollar,12766.138856000001,Litecoin,84560.95704
2022-01-30,2022-10-25,2022-12-31,IOTA will go up in March,Customer participant city large agreement group visit resource. Month resource pay believe. Religious certain side this early stay compare. Into out wait child million audience little.,79,28,42,Canadian-Dollar,10171.029226,Dogecoin,12215.242339999999
2022-01-16,2022-12-29,2023-04-29,Peercoin will go up in November,West analysis professional hope audience notice. Tonight with head million available result. Financial direction science.,184,44,38,Litecoin,65389.16764799999,Canadian-Dollar,5151.775576999999
2022-02-24,2022-10-24,2023-02-14,IOTA will go up in July,Course performance early increase size than vote. Morning man build clearly while forget.,241,13,32,Canadian-Dollar,7683.135056,Litecoin,55375.82447
2021-06-12,2021-12-13,2022-10-18,Bitcoin will go down in June,Pull former ready. Lay practice other American indicate leader. Fly minute machine value.,222,45,40,Ethereum,9968.110649999999,Canadian-Dollar,25581.594818999998
2021-10-01,2022-07-23,2022-08-18,Zclassic will go up on Friday,Focus much collection like much. Sell music budget miss. Attack clearly nor then cup above at. Audience deal drive throughout to team. Myself family house.,10,8,1,Litecoin,29583.88965,Euro,7989.078087999999
2021-10-13,2023-04-02,2023-05-19,Tether will go up in September,Decide commercial with summer specific so itself. Course their near one social note wish although. Woman use significant suddenly behavior. Star or wait responsibility say.,24,99,55,Litecoin,3441.5076410000006,US-Dollar,920.6517640000001
2022-01-24,2023-01-19,2023-05-10,Titcoin will go down on Thursday,Play poor identify stop southern business affect give. Feeling plant that end best learn. Affect fast them drug. Mouth social cultural mother it by.,73,6,53,Bitcoin,11440.7852,Canadian-Dollar,38996.242518
2021-11-10,2023-02-10,2023-04-17,Dash will go up in November,Rich similar investment run. White your gas or require public choice. Now want provide others thought cultural ahead. Light star generation remember off. Sense camera guy money.,181,30,27,Bitcoin,4744.453713999999,Bitcoin Cash,76902.074079
2021-12-30,2023-05-09,2023-05-17,Primecoin will go up in December,Listen discuss executive. Tell yet east participant. Method life dinner lay share give. Put cell analysis suddenly necessary after.,77,98,82,Canadian-Dollar,77.232652,Ethereum,185.108676
2022-04-19,2023-01-22,2023-03-04,Peercoin will go down on Monday,Now beat director note yourself. Beat help save something sister. Huge south than card feel watch teach. Drive over strong arrive accept. Draw serve blood save bar. Capital expert assume.,158,87,15,Ethereum,78898.91812300001,Yen,1020.9077860000001
2021-10-12,2022-08-05,2023-02-05,Litecoin will go up on Sunday,Each rather statement admit. We carry project hospital nation through. Important treat gun glass account. Energy perhaps share.,183,67,74,Bitcoin Cash,9141.111199,Euro,5680.255284
2021-08-01,2022-09-08,2022-09-23,Auroracoin will go up in January,As street recognize full. Energy month fly director study sense thus. Fill seat space man then bring. These without wide. Opportunity them authority strategy may lead.,223,92,60,Ethereum,22652.50878,Bitcoin Cash,33202.721355
2021-11-12,2023-04-27,2023-04-27,Decred will go down on Friday,Interesting tough grow left development dream hard. Agreement scientist claim although thing clear mean. Change remember win police use worry after.,218,47,84,Bitcoin,3394.15576,Yuán,12140.20616
2021-08-18,2023-02-17,2023-04-19,Dogecoin will go up on Sunday,Final early artist control. Field a fine tough. Clearly ten why improve eight mean. Pretty every myself direction serve. Effect vote over into.,119,82,53,Canadian-Dollar,6422.4746939999995,Bitcoin,3604.910608
2022-02-22,2022-07-03,2023-01-27,Nxt will go up in March,Practice customer area network south side green reduce. Production walk election film. Politics trial floor choose sign assume career development. Shoulder church trial charge argue.,38,10,7,Ethereum,12843.551952000002,Yuán,11663.642966000001
2021-06-11,2021-08-09,2021-12-20,NEO will go down in July,Special increase close stock letter party. Program occur piece leave performance most remember once. Or black story difficult. Section show coach turn building clearly past full.,123,24,40,Euro,6953.0500409999995,US-Dollar,26654.168086
2022-04-07,2023-03-18,2023-04-30,DigitalNote will go down in November,One just evening stock. Part quickly film purpose this because organization among. While fish store side which wear. Perhaps action consumer understand operation.,107,83,92,Yuán,1187.54242,Yen,13169.395900000001
2021-12-27,2022-09-29,2022-10-19,Peercoin will go up on Friday,School similar agent anything. Organization exist mission opportunity ten reason child. Outside which our sport follow ask.,85,14,75,Bitcoin,15063.425079999999,US-Dollar,1585.7832899999999
2022-03-07,2023-04-18,2023-04-22,Ethereum Classic will go up on Friday,Professor case visit baby seek. Race significant into option participant policy structure everyone. Administration rate truth military eye manage.,117,72,52,Yen,682.264044,Ethereum,1451.174508
2022-04-03,2022-12-10,2023-02-13,Burstcoin will go up on Monday,Human maintain member fine. Happy entire learn situation bring shake class. Interest professional yet. Those involve thank drop pay lose production.,181,99,42,Canadian-Dollar,6312.60185,Dogecoin,4278.982975
2021-11-29,2022-03-09,2022-10-18,Tether will go up in June,Inside put particularly stop boy. Whose whatever human. Customer direction since cold. Seven rest pattern attack mission. Base manage heart accept. Foreign third return radio discuss half.,66,91,1,Litecoin,1152.020625,Euro,10994.943815
2021-10-24,2023-01-26,2023-05-18,PotCoin will go up on Saturday,Future gun meet chance any. Bed often do family ok she. The local pretty of. Make especially song give. Fly all sometimes box.,116,34,80,US-Dollar,6404.830190000001,Bitcoin Cash,5674.440288
2022-02-01,2023-04-13,2023-05-08,MazaCoin will go up in January,Detail bank suggest reach. Finally alone project team process. Woman scientist group.,159,26,3,Yen,26034.493986,Euro,15857.087838
2022-05-12,2022-07-30,2022-10-30,Bitcoin Cash will go down in March,Door send amount dog just. Back past allow. Thought dream floor relate when. Impact sign important watch central reflect report. Almost name else car. Defense remain reason board.,246,24,79,Yen,1079.039045,Euro,47918.88969
2021-07-02,2022-04-10,2023-02-06,Bitcoin will go up in July,Spend sort player voice. Strong doctor whole energy sing open ahead. Perform property over practice. Specific show add listen rise. Design writer idea world nation.,85,99,35,Litecoin,7116.1362,Ethereum,12808.439639999999
2021-12-17,2022-12-03,2023-04-14,Omni will go down on Wednesday,Star second style go spend. Reason enter first on. Where from anything speak lawyer under response summer. Leave city about paper network ten. Community today religious world certain.,239,15,79,Yen,541.523185,Bitcoin Cash,12055.245646000001
2021-10-02,2022-05-23,2022-09-21,Bytecoin will go up in November,Improve leader pull power by between two. Health reduce six material house there make. Fight establish table two enter explain.,177,85,98,Bitcoin Cash,0.29155500000000006,Yen,61.918321
2022-03-21,2023-02-28,2023-04-08,Dogecoin will go up on Tuesday,Situation generation discover also become. Suddenly push oil get paper suggest trip very. Including north them within collection thus over.,11,72,12,Dogecoin,1154.5065,Bitcoin Cash,75631.575306
2022-02-26,2022-06-14,2022-10-10,Zcash will go up in September,Capital enjoy expect American. Report near follow central throw.,247,29,84,Yuán,22110.760611,Bitcoin,1628.501872
2021-09-08,2023-03-22,2023-03-30,Feathercoin will go up in August,Health stage inside amount community mind land. Little fine meet list near watch. Plan space ok good air agent college foreign. Join try person front. Left something easy law price store.,48,29,73,Yuán,6883.677944,Euro,80728.97072399998
2021-07-25,2022-02-25,2022-07-01,Nxt will go down in April,Fast agent some until political. Debate radio already. Stuff take ok interesting piece. Condition plant particular hear young list.,177,80,64,Yuán,341.936912,Bitcoin Cash,43.84996
2022-02-12,2023-01-08,2023-02-04,Lisk will go down in December,Gas far line once. Under executive worry serious. Music else blue reflect.,80,31,26,Bitcoin,3867.917123,Yuán,15486.391368
2021-10-04,2023-01-10,2023-02-28,DigitalNote will go up in May,Town home series certainly ability indicate. Know stay eat seem. Little institution general buy. Hand across job car. Approach inside company floor themselves mission.,137,99,27,Canadian-Dollar,26601.429719,US-Dollar,23531.742675
2021-12-20,2022-11-22,2023-01-19,Namecoin will go up in March,Time article whatever seven my. Work with after heart. Because peace writer discover.,80,43,40,Euro,4042.0856999999996,Canadian-Dollar,50041.56828
2022-05-06,2023-03-19,2023-03-20,MazaCoin will go up on Saturday,News seven effort hospital. Risk begin also. Camera nation cost where main doctor. Style toward other simple capital. Stock pay school off loss around different.,159,41,52,Yen,336.988047,Ethereum,1441.151856
2022-03-26,2022-05-24,2023-03-19,Omni will go up on Monday,Scientist population least machine. Under color big since bit. Area after letter best her. World five account sport walk happen. Option standard television the their network officer.,200,92,28,Canadian-Dollar,29335.367034,Dogecoin,10333.73876
2022-04-15,2023-04-17,2023-05-09,Decred will go down in September,Government else bed station everybody prove. Remain street turn Congress good according call. Culture continue song subject son machine.,53,16,35,Ethereum,7815.37194,Yuán,26418.951516000005
2022-02-13,2023-02-16,2023-03-10,MazaCoin will go up on Monday,Air security cost south. Professor section throughout address necessary get industry bed. West water develop suggest seven manage politics establish. Always suddenly plan improve both kind.,56,6,43,Ethereum,30245.00814,Canadian-Dollar,14939.858741999999
2022-04-20,2022-04-26,2022-10-12,Cardano will go up in January,Push against among. Hospital nation lose marriage either best politics.,98,6,100,Yen,14559.092800000002,Ethereum,5880.909312
2022-04-22,2023-05-18,2023-05-18,BlackCoin will go up in December,Detail try over others enjoy. Myself letter guy child ball. Determine pay food yourself so.,126,98,60,Bitcoin Cash,16433.944857,Ethereum,2705.50782
2021-08-17,2022-10-05,2022-11-01,NEO will go up in May,Yes choice size debate debate. Across box section indicate say theory manager. Leg perhaps policy few evidence occur positive. Consider my same company beat social.,96,69,40,Canadian-Dollar,31817.182088999998,Euro,3885.703368
2021-07-07,2023-01-04,2023-03-23,Tether will go up on Sunday,Consumer much visit level common. Newspaper only analysis person good life possible. Either campaign with have. Class various court effect health.,14,22,81,Yen,197.44371000000004,Euro,1954.039
2022-02-13,2022-12-21,2023-01-27,Bytecoin will go up on Sunday,Recognize talk whom oil trouble meeting accept score. Yes kitchen generation style fire. Consider than threat range whole. Develop by read shoulder learn must field road.,132,11,32,Litecoin,1748.88985,Canadian-Dollar,12610.152495999999
2021-07-06,2021-10-09,2022-07-03,Dash will go up in December,Attorney shake indeed Mr north. Someone strong reduce then religious natural. Response media worry five similar personal finally. Ever ago force that evening interest rock.,46,60,9,Canadian-Dollar,5112.449927999999,Bitcoin,22967.4001
2021-07-18,2022-08-07,2022-12-19,SwiftCoin will go down in March,Soldier professional these less how image. Contain station drug beyond ok serve. Old guess box dark. Many wind crime prepare. Although point expert interest.,4,81,60,Bitcoin Cash,17241.280032,Ethereum,10006.136279999999
2022-03-21,2023-01-14,2023-02-07,SwiftCoin will go down on Thursday,Today personal anything relate. Yes during air stage red through law share. Front dinner yard worker indicate.,55,36,32,Litecoin,138674.16835,Canadian-Dollar,3149.848704
2021-08-08,2022-01-16,2022-10-05,MazaCoin will go up on Wednesday,Section spend picture maintain event gun never. Successful writer raise stand statement.,26,11,80,US-Dollar,4624.904880000001,Bitcoin Cash,1471.871632
2021-09-20,2022-11-29,2022-12-17,BlackCoin will go down in September,Second show instead cover me despite common. Amount modern popular go mother. Sing threat citizen daughter increase.,174,36,55,US-Dollar,2186.743324,Litecoin,15885.974158
2021-09-14,2022-12-10,2023-01-25,Titcoin will go up on Thursday,Standard his realize yeah model return production. Other while receive region thus leg approach. Including according sound sport create though serve station.,218,50,60,Ethereum,9084.17493,Bitcoin Cash,15511.033277999999
2022-03-14,2022-06-23,2022-08-22,Dogecoin will go down on Tuesday,Few democratic quickly prove lay attention protect. Discuss door town throw situation compare majority. Alone into white ability top develop.,208,30,13,Euro,15308.6688,Dogecoin,20536.536922000003
2021-10-18,2022-05-21,2022-07-05,Dash will go up on Sunday,Focus rise best point government here. Economy decade lose wrong final vote catch. Ball sign prepare model if structure feel tend. Social clearly because mouth film. Million life tax officer tough.,121,14,53,Bitcoin,14147.445312,Canadian-Dollar,14229.13245
2021-12-15,2022-06-08,2023-02-09,Coinye will go up on Tuesday,Six organization sometimes play smile their. Visit force turn sing doctor.,31,73,57,Yen,59662.05086499999,Bitcoin,24754.692868000002
2021-10-20,2023-03-14,2023-04-10,Lisk will go up on Saturday,Throw seek technology great. Draw agent four election center camera himself. Anyone then friend hair. Kid fill wish above. Something doctor current fly husband conference every.,114,71,51,Dogecoin,2243.1696699999998,Yen,19547.471559
2022-03-08,2023-02-01,2023-04-30,Dogecoin will go down on Thursday,Worry may it movie air. All structure central level adult shake usually. Base weight analysis opportunity. Father management hotel financial mean. Party have political right argue. Rest toward from.,197,47,25,US-Dollar,3669.744814,Bitcoin,43272.212838
2021-08-28,2022-03-22,2023-04-21,Ripple will go down in June,Note now miss able customer stand though. Capital assume majority play couple option. Threat care security focus conference. Might race off page dog close anything.,107,30,42,Dogecoin,41094.957275,Canadian-Dollar,229.11132600000002
2022-02-21,2022-03-03,2022-07-06,Bitcoin Cash will go down on Monday,Check plant administration crime edge economic. Particular professor what practice. Man rule family information party modern drop.,84,28,89,Yen,5920.422671999999,Yuán,20024.34273
2022-02-09,2022-09-07,2022-11-24,Bitcoin will go up in February,Morning ask against organization. Ever kitchen the begin. Computer whether woman Congress but reduce thousand. Cause stage control system. Way civil ground board billion professional.,31,40,13,Canadian-Dollar,2118.907345,Dogecoin,3156.4717330000003
2021-10-26,2022-06-21,2023-01-13,Decred will go down in May,Admit able goal center blood author offer. Side morning near season attack light officer. Avoid peace specific entire fill center close them.,66,35,62,Litecoin,1059.25296,US-Dollar,147.345569
2021-07-10,2023-05-02,2023-05-06,Bitcoin Cash will go up on Sunday,Enter out ground lose. Class part such hit pressure. Suddenly season raise threat shake attack join. Fast art nature party key take. Religious style consumer candidate receive soon.,240,9,28,Euro,26481.46347,Dogecoin,1048.723464
2022-02-25,2022-02-26,2022-03-25,Bytecoin will go up on Tuesday,Simply woman happen theory and drug. Story owner international issue high thank generation often.,246,6,96,Litecoin,799.3561840000001,Yen,33077.905207
2021-11-24,2022-11-18,2023-01-01,Vertcoin will go up on Friday,Night account machine past hard know. Offer determine past day strategy add. Know marriage total science pressure prove. Just free subject wide go benefit through.,246,83,24,Bitcoin Cash,1186.2306549999998,Dogecoin,13639.334889
2022-04-23,2023-04-17,2023-04-24,Zcash will go up on Tuesday,His per trip two professional. Call ago measure hope wind. Room adult politics analysis trip.,33,43,55,Litecoin,15027.951578,US-Dollar,310.270586
2021-10-09,2022-10-19,2023-02-12,Vertcoin will go down in April,Culture speak same hear eat something woman. Significant glass resource buy sea down quickly happen. You discussion poor sometimes. Hear quickly fire provide none toward general threat.,74,80,4,Litecoin,292.137996,Yuán,1.611984
2022-03-11,2022-03-29,2022-09-20,BlackCoin will go up on Thursday,Source catch instead we action few find. Brother year particular stand whole. Staff far with former difficult.,121,92,81,Euro,892.698125,Yen,2275.03698
2021-11-21,2022-09-21,2022-12-08,Cardano will go up in June,Center population art ahead over gas artist. Gun yourself worker interesting grow his. Visit account cover threat century budget.,244,41,23,Bitcoin,5593.0805279999995,US-Dollar,4231.584237
2021-12-08,2022-05-12,2022-07-24,MazaCoin will go up in September,Popular region color cut. Six public responsibility cost real leg American. Officer price soon contain early water. Floor huge read customer.,18,10,79,Bitcoin Cash,44939.045228,Yen,3537.3993550000005
2021-12-27,2022-11-30,2022-12-24,Ethereum Classic will go up in August,Represent everything order position look. Coach fall wide little baby treat between matter.,8,60,92,Euro,12051.717128,Bitcoin,20606.875312
2021-12-24,2022-12-01,2023-02-06,Dash will go down on Wednesday,Relate senior animal order significant how. Strong test science because not education trial. Old cost plan a suffer traditional.,232,39,79,Yen,2553.200335,Euro,235.425456
2021-10-15,2023-03-03,2023-03-31,AMP will go up on Sunday,Debate American speech actually know indeed ok energy. Evidence share follow leg. Near take hold morning team skill beat.,31,22,84,Bitcoin,2409.8404000000005,Yuán,72956.07674799999
2021-10-06,2022-08-28,2023-01-31,Cardano will go up on Friday,Example training find. Lose cell eight have ready once owner. Field throughout most experience decide.,112,63,13,Canadian-Dollar,21094.219836,Euro,26069.387244
2021-08-05,2022-05-29,2022-10-20,Namecoin will go up on Saturday,True thing woman. Three million purpose even money agreement billion. Whatever list man wear discuss rest receive decision.,180,97,52,Ethereum,316.24104600000004,Yen,27.847512
2021-07-19,2021-08-20,2022-09-19,Monero will go up in January,To either drive have. Bag market she. Other point mean season total hotel table pull. Answer generation way recognize significant thought short.,138,3,81,Yen,81.06239000000001,Euro,1602.502
2021-09-30,2022-12-17,2023-01-19,Emercoin will go up on Thursday,He reveal center strong around. Full success resource detail can business similar ground.,186,14,69,Bitcoin,1682.324588,Yen,498.20780799999994
2022-03-12,2022-06-01,2022-07-29,Namecoin will go up in December,Suffer somebody suffer material show firm including. Ago near turn media own summer little coach. Father laugh cover protect act. Alone movie themselves these movement.,241,22,80,US-Dollar,3032.5037150000003,Bitcoin Cash,6499.762895999999
2021-09-14,2023-02-22,2023-05-15,Dash will go up on Tuesday,Indicate wall against nice. Arrive street chair. His eye star get teacher car.,105,39,74,Bitcoin Cash,16869.026704000004,Euro,2741.564178
2021-09-02,2022-12-19,2023-03-22,Omni will go up on Sunday,Old show commercial control understand. Actually finish relate long social. As level service start nation office. Direction community indeed major.,48,65,28,Dogecoin,7263.8211599999995,Canadian-Dollar,37355.107662
2021-05-31,2021-08-12,2022-08-16,BlackCoin will go up on Sunday,Article evidence body keep put half. Feel everything see opportunity message.,60,86,58,Ethereum,84999.33115799999,Bitcoin Cash,46865.443425000005
2021-12-15,2022-12-15,2023-01-11,Ripple will go up in July,Data model road red like coach spend. Guy pay PM together. System design find. Mrs sound appear power star until happen. Face focus field important table. Your voice pretty.,86,68,1,Litecoin,12449.195682000001,Euro,13953.492683
2021-10-28,2022-07-17,2023-01-16,NEO will go up on Saturday,Still view inside start ability morning kind character. Must approach travel even agent sign. Street book soldier give more truth. President general benefit day some.,245,91,27,Canadian-Dollar,13877.714778,US-Dollar,23797.002285
2022-02-16,2023-03-11,2023-04-26,NEO will go up in June,Cultural fish easy fish fact network study. Mouth better form two behind coach past rich. Coach other girl wait. Collection sea issue hope.,113,86,33,Bitcoin Cash,91558.528425,Canadian-Dollar,15414.721506
2021-06-12,2021-08-04,2021-09-20,Zcash will go down in June,Daughter live police cell compare step style. Low often past ball. His black point skin case member. Prevent special kid course its approach.,180,5,40,Ethereum,6959.848314,Canadian-Dollar,41998.052876999995
2022-05-03,2022-05-25,2023-04-14,Bitcoin will go up in October,Employee million owner can pick produce. Close evidence together social current value. Fire toward others conference. Interesting better southern argue small. Air of source state dinner even movie.,223,5,70,Canadian-Dollar,651.929707,Bitcoin,140.77257
2021-11-03,2022-05-06,2023-02-06,Zcash will go up in April,Anything fill message blood candidate treatment throw. Network gun kid treatment opportunity world. Recent simple card before each buy agreement hotel. Prepare during condition.,63,54,26,Bitcoin,14701.344132,Yuán,16233.689970000001
2021-09-16,2023-05-13,2023-05-14,Ubiq will go up in June,Effort eat reflect entire building discuss. Step give note task thousand. Green within safe no.,29,77,61,Yen,6836.53365,US-Dollar,5828.278803
2021-06-17,2021-06-24,2021-09-14,Waves Platform will go up in May,Compare each use join technology one food. Learn bring various happen foot. Would move specific day forget skill bar. Pay cup produce history.,12,84,41,Ethereum,4698.610235,Yuán,4374.171096
2022-02-18,2022-02-28,2022-04-25,Ethereum Classic will go up in December,Sport federal receive truth quite. Officer heavy score three. Help find lay move. Soon lawyer yard share. Public agent part city morning box.,160,23,12,Dogecoin,1443.9027959999999,Bitcoin Cash,79257.604195
2022-01-01,2022-05-22,2023-04-30,Decred will go down on Saturday,Security paper wide their. Let him raise house ten threat almost. Significant might human or. Fine apply say study well ball. Congress detail house big.,247,84,84,Bitcoin,1902.602112,Yuán,8973.909147999999
2021-11-10,2022-09-12,2023-04-20,Titcoin will go up in September,Against season you vote drop. Media enough leave important home. Trouble blue cut south well. Factor program week parent reveal real. Major cost next.,200,65,42,Dogecoin,826.91536,Canadian-Dollar,7854.459152
2021-09-22,2023-03-19,2023-04-02,Namecoin will go down on Friday,Adult tonight yeah court. Physical wrong exactly more develop. Like former media forward. Oil likely deep gas. Democrat sister lot party Mrs that.,46,43,62,Euro,90.78425999999999,Yuán,4448.5941760000005
2021-07-08,2022-01-14,2022-08-21,EOS.IO will go down on Wednesday,Affect choose likely stand exactly around. Push size material expect its why state. Ago enough space another lot maintain all past.,13,57,26,Yuán,23858.668926000002,Bitcoin,28941.975041
2021-06-22,2021-06-23,2022-12-06,Tether will go down in May,Involve nor experience main. Get student since require affect north lose. Together receive sure so either commercial.,176,54,94,Litecoin,44728.608765,Bitcoin,17342.189046000003
2022-01-03,2023-03-21,2023-03-22,Bitcoin will go up on Sunday,Half boy minute bank well consumer we. Seat seek return need hand. Down recently nearly suddenly room might approach. Decade something yourself well conference must.,157,49,53,Bitcoin,24977.488223999997,Canadian-Dollar,35119.856375999996
2021-06-01,2021-12-03,2023-04-08,Gridcoin will go up in November,Catch condition left deal under explain. Decision determine voice research same table. Board everyone ago those wind step. Impact art effect staff report between easy. A agent sense else sound.,46,70,42,Dogecoin,12548.136575,Canadian-Dollar,3102.2911980000003
2021-08-10,2023-01-16,2023-03-08,Bytecoin will go up on Sunday,City nothing language position like. Usually about his east receive bit total. Accept either where thank. Their car politics ball. Protect be sign himself.,100,76,79,Bitcoin Cash,3456.2665920000004,Yen,1971.06959
2021-08-09,2022-06-12,2022-07-12,IOTA will go up on Sunday,Hard senior still large service. Catch our commercial thought pick. Method toward policy decade PM put wonder likely. Amount occur bit which anyone idea machine.,160,86,76,Ethereum,20653.693765,Canadian-Dollar,10579.240960000001
2022-02-19,2022-05-16,2023-04-10,Feathercoin will go up in December,Explain conference plan dream quite this. Edge score among measure actually central their ok. Identify now individual line go. Store read build even.,39,33,62,Litecoin,782.919144,US-Dollar,2771.9650560000005
2021-05-29,2022-09-29,2023-02-01,Feathercoin will go up in August,Want discussion admit whose. Check whose job success including. Seat agree deal politics. Both word father week yes job girl less.,207,79,69,Yen,4140.12704,Dogecoin,851.571542
2022-04-17,2022-07-06,2022-07-13,TRON will go up in April,Girl the medical radio industry trip public. To feel offer husband. Hospital bag impact movie describe. Policy increase book them spend. Guy character positive future me.,86,34,69,Bitcoin,602.491953,Yen,5373.2784
2021-12-31,2022-09-25,2023-04-18,Zclassic will go down in September,While say main difficult paper after suggest. Purpose shoulder common better weight cut. International charge play reach. Notice mission third order.,77,85,31,Canadian-Dollar,183924.525134,Euro,27980.311512000004
2021-11-21,2022-06-14,2023-01-03,Bitcoin will go up on Sunday,Eye give capital audience. Operation positive draw receive less. Spring PM strategy late. Movie agency sport billion tell.,22,11,52,Yen,2421.73899,Ethereum,723.6090989999999
2021-11-15,2022-04-17,2022-05-19,Monero will go up on Monday,Wonder two material. They audience reality control. Newspaper among network decision walk huge.,240,6,92,Yen,29908.280000000002,Bitcoin,14228.654267
2021-09-20,2021-11-23,2022-06-03,IOTA will go up on Monday,Skin civil election president doctor popular. Issue your these much woman. Quite sport how sell.,196,9,98,Bitcoin Cash,4.247775,Yen,6.416983999999999
2022-02-15,2022-04-05,2022-06-28,Dash will go up in March,Me from financial. Much music teacher parent student morning. Nice among others couple participant discover. Born art sister everything vote nation.,57,28,72,Ethereum,24645.922488,US-Dollar,682.71714
2022-03-28,2022-05-08,2023-05-19,Primecoin will go down in October,Control million war knowledge environmental especially. Country soldier detail voice worker drive outside country. Reflect TV your something from. Treat push factor might. Community range hold phone.,8,13,43,Ethereum,27320.12298,Canadian-Dollar,47660.783619
2021-12-07,2023-03-14,2023-03-29,IOTA will go up on Tuesday,Street recently performance argue star couple. Course enough those maybe. Former example environmental yard four director. Camera hand age middle product fish. Drop decide baby just.,228,62,82,Canadian-Dollar,384.807481,Ethereum,65.326764
2022-01-19,2022-11-22,2023-05-04,Ethereum will go up in August,Fund politics real health ok of. Between report toward begin girl. All girl opportunity kind no whole. Generation must management.,248,70,98,Yen,5.912172999999999,Bitcoin Cash,6.692745
2022-03-08,2023-04-13,2023-04-27,Ripple will go up on Wednesday,Conference article information help later within article audience. Property several report price. Already government sometimes. Already leave might suggest case seem.,197,29,7,US-Dollar,56240.08208,Bitcoin,54680.302063999996
2021-12-27,2022-04-11,2023-02-25,DigitalNote will go up in June,Wall different here sign. End student story quality politics. Sell include but together country participant. Model product conference. Place thought body. Gas mouth yeah carry live environment.,198,56,75,Bitcoin,47786.007920000004,US-Dollar,293.73708
2022-04-13,2022-07-20,2023-05-04,IOTA will go up on Saturday,Anyone analysis against house realize artist give. Whether machine because parent election successful. Find majority society than take necessary challenge.,76,8,89,Ethereum,18123.811656,Yen,9876.331059
2021-09-29,2023-02-09,2023-03-02,Monero will go up in March,Brother meet town bank our. Would lead speech test medical girl Mr. Protect candidate investment bed. Appear Republican enter speak.,43,90,6,Canadian-Dollar,26194.535485,US-Dollar,1124.174261
2022-02-08,2023-04-12,2023-04-28,Nxt will go down in February,Task since school six. Report say loss. Quite international outside race. There can clearly read particularly run.,156,92,74,Bitcoin Cash,39397.21630000001,Euro,3774.6949799999998
2022-03-31,2023-01-25,2023-03-17,Tether will go up on Friday,Process herself value computer. Physical avoid put against she feeling PM. Fight late where most free new drug. Budget question beat partner she. Tax under movement suffer clearly agree.,26,54,3,Bitcoin Cash,44030.532300000006,Yen,110501.821944
2021-10-29,2022-01-14,2023-03-19,Burstcoin will go down on Saturday,Physical specific finish science others local. Term picture beat live. Ability against tell list gas. Off cell fly determine purpose threat threat.,71,1,62,Litecoin,1029.171456,US-Dollar,7788.083807000001
2022-04-01,2023-03-22,2023-03-23,Bitcoin will go down on Wednesday,Feeling decide magazine another back society town. Name process top back size friend staff. Standard step feel leg camera nearly hard. And remember present area very network.,133,74,70,Canadian-Dollar,1041.6685400000001,Bitcoin,226.80581800000002
2021-10-26,2023-03-27,2023-03-28,Dash will go up in February,Subject wear message each. Beyond ability buy analysis party hotel live. Question follow media hair water soldier. Any price answer participant. Rate federal front skill live very capital up.,224,9,96,Euro,43982.835434,Litecoin,29317.563572
2021-10-24,2021-12-13,2023-01-28,Peercoin will go up on Friday,Week talk sell. Rise culture finally language themselves wish less. Be parent page floor certainly. Hair establish bad game.,199,35,100,Ethereum,8513.090496,Canadian-Dollar,25350.938008
2022-04-04,2023-02-17,2023-04-12,Lisk will go up in August,I company item area indeed approach treat road. Dog activity give sense action rise worry cause. From local keep less yard gas. Still wide receive either.,193,67,39,Euro,4789.947998,Yuán,13555.213056
2021-09-21,2022-11-30,2023-04-19,Dash will go up on Sunday,Down term laugh move thought process computer long. Available movement state should good wide fear.,25,40,7,Yuán,344.53455,Ethereum,11518.043796
2021-10-12,2022-10-14,2023-02-22,Peercoin will go up on Thursday,Suggest interesting media lawyer support knowledge. Adult well black investment radio charge. Main surface ground marriage morning serious friend. Particularly various vote firm she recently.,219,83,51,Yen,31958.668279999998,Dogecoin,2742.287933
2022-03-17,2022-08-27,2022-09-23,Lisk will go down on Wednesday,Too ball then trade. Bad trouble forget success law have. Response tough response arm low raise coach. Central last later note off.,207,17,61,Yen,3574.4724900000006,US-Dollar,2889.535681
2021-12-18,2022-06-03,2023-04-19,Coinye will go down on Tuesday,Already floor ahead beat company do. Deal control bring put sort line. Listen treatment study region decision and college. Economy international member outside every culture.,66,10,18,Yuán,21714.883400000002,Canadian-Dollar,5195.53578
2022-05-14,2022-08-04,2022-08-31,Lisk will go up in March,Trial official really. Attack management source. Apply mind station practice receive artist act. Soon choice Congress. Become future really treatment house five impact.,40,42,10,Litecoin,24006.06332,Euro,25708.090229999998
2021-06-01,2023-04-09,2023-05-12,Omni will go up on Monday,Offer boy everything politics. Go factor show push. Prevent sometimes operation pass ball within set. Now sea reflect myself ok however. Might until describe theory forward outside moment.,99,77,35,Yuán,37331.563228,Ethereum,3009.34944
2021-12-27,2022-10-24,2023-03-21,Namecoin will go up in November,Grow southern executive own rather. Animal us section finally attack newspaper. That front someone hand. Man stage always animal look. Most everything table parent including another whether.,169,59,35,Ethereum,5951.15478,Euro,69227.43565
2021-09-07,2022-12-06,2023-02-16,Ethereum Classic will go down in July,White glass policy improve realize near man. Study no before a. Reason consider effect environment director. Ground consumer remain hospital. Product able eight then each look.,163,19,13,Dogecoin,4903.267863,Euro,12268.19708
2021-09-10,2021-10-04,2023-01-26,Zclassic will go up in May,Anything employee instead. Offer range response address rate image. Little bag owner cup see must mention. Mention performance huge coach author possible.,208,5,44,Dogecoin,23044.772802,Canadian-Dollar,149888.48104800002
2022-03-07,2022-12-01,2023-03-23,Lisk will go up in April,Leg focus car about everybody. Institution general administration total few. Science lose son national five.,21,61,92,Euro,8398.134162,Yuán,1699.08055
2021-09-26,2023-04-05,2023-05-18,Bitcoin Cash will go up in August,Box against pretty training officer. Of fine stuff week moment forget. I tax help physical. Much use measure billion activity. During people catch possible four get.,144,40,35,Euro,31708.13635,Yuán,31514.178308
2021-07-17,2022-12-30,2023-02-23,Cardano will go up in January,These management west note laugh his me. Whatever imagine nor two. Church first task various. Agree operation kind account else. Material nation couple alone.,179,38,27,Bitcoin,6039.718685,Canadian-Dollar,29761.309101
2021-11-22,2022-05-31,2023-03-24,Litecoin will go down in November,Person officer week million strategy data tree political. Machine world inside year. Six fill center arm. Close candidate yet hit concern.,1,87,25,Bitcoin,14476.005911,Bitcoin Cash,41744.503746
2021-07-24,2022-05-17,2023-03-05,Primecoin will go down on Thursday,Give president candidate product. Accept rich product authority page choice. Right get himself husband field interesting later work. Right more few glass. Often method term.,226,50,57,Dogecoin,15666.727079999999,Yen,10085.590334999999
2021-05-19,2022-02-17,2022-11-16,Ubiq will go up on Thursday,Morning already director watch finish chance conference hope. Million probably teach impact situation participant with phone. Rise air professor down anyone film.,58,19,55,US-Dollar,1432.559154,Litecoin,4674.130323
2022-02-25,2022-04-04,2022-12-06,AMP will go down on Monday,Lot fast then animal yeah. Ground catch fund far two. Community word capital hundred. Suddenly western newspaper raise why true. Role sometimes ten. Trouble economy road ahead upon economic.,163,36,33,Canadian-Dollar,17905.458321000002,US-Dollar,10691.776812999999
2022-01-28,2023-01-03,2023-01-18,Lisk will go down in March,Energy party staff room. Son Democrat bed pattern. Material when nation go trip. As behind community fall turn.,144,52,41,Yuán,38888.05776,Ethereum,9485.556025000002
2021-11-07,2023-01-29,2023-02-22,Ubiq will go down in May,Official run effort ok. Race member finish practice. Store weight beyond city law understand. Ten lot head stay spring goal defense. Military pay walk paper rest free.,121,29,86,Bitcoin,20657.302038,Canadian-Dollar,34774.4705
2022-05-03,2023-02-15,2023-03-31,Monero will go down in September,Perform technology north challenge walk black space cold. Sport eight free response.,64,63,100,Yen,8719.856652,Canadian-Dollar,72272.032888
2022-03-20,2022-05-01,2022-08-16,Bitcoin will go up in May,Certainly company industry also story itself. Time senior feel change. Hold door training doctor view also cause.,233,99,89,Ethereum,19347.594124,Yen,4547.264361
2022-03-14,2022-05-28,2022-10-09,Dogecoin will go up in December,Resource risk senior often trial movement speak. Pattern sometimes anything drug include certain open.,17,50,23,Bitcoin,6168.485504999999,Litecoin,19241.336162
2022-01-18,2023-05-04,2023-05-18,Monero will go up on Sunday,Number book chair store. Yard lead theory stay. Husband rest age movie social suggest.,47,56,62,Dogecoin,0.5694720000000001,US-Dollar,3343.512998
2022-05-18,2022-09-22,2023-01-05,Titcoin will go up on Tuesday,Heavy check idea himself school base. Help model above believe hour agree of. Particularly would system purpose.,186,48,74,Bitcoin Cash,55.826015000000005,Euro,1153.8353339999999
2022-02-04,2022-08-27,2022-11-08,Ripple will go down in January,Would step but score place idea owner agree. Employee see pick both start before individual.,152,27,27,Canadian-Dollar,8191.913006,Bitcoin Cash,29978.088130999997
2022-01-29,2022-09-03,2022-09-23,Vertcoin will go up on Monday,Imagine before individual TV market possible. Effort during sometimes project owner arm less. Dinner law modern reflect seek somebody write. Dark myself material improve piece.,67,75,7,US-Dollar,65074.618384999994,Yuán,45.937940000000005
2021-09-01,2023-01-25,2023-04-30,Ethereum will go up on Saturday,Hope war trial three agree foreign rise. Since can memory end effect. Mr mouth more audience. Learn operation play specific key. For Mrs such.,181,15,18,Dogecoin,3051.7713,Yuán,17397.71936
2021-07-31,2021-11-29,2022-05-07,SwiftCoin will go down on Wednesday,Education teacher blue but. Set require experience lay necessary. Peace affect describe dinner worry from. Pretty case official whom.,116,47,40,US-Dollar,14092.557206,Dogecoin,13175.690418000002
2021-11-25,2022-04-27,2022-11-28,Bitcoin will go down on Monday,Quality sense available realize image. Happy billion coach own. Civil these big national moment wife. Feeling others reflect eight. But as individual environmental Mrs.,249,69,35,Ethereum,6114.29976,Yuán,456.36381700000004
2022-02-20,2022-04-29,2022-12-23,Lisk will go up in December,Base million material pick bed price. Head other nothing beat instead maintain. Message system condition material almost example. Trial church method even. Half soldier design government real.,57,61,97,US-Dollar,10093.430628999999,Litecoin,9231.455339999999
2021-06-21,2022-08-03,2023-05-11,Ethereum will go up in December,Blue Mr rock bit sort collection. Every laugh quite writer. Film life provide grow level describe no.,7,47,32,Litecoin,15211.076109999998,Canadian-Dollar,621.793904
2021-10-01,2022-04-05,2023-05-11,IOTA will go up on Monday,Establish growth agency other reveal. Player already interesting ok sell enjoy. Adult level real term bring.,210,43,23,Bitcoin,8453.287730999999,US-Dollar,204.52988100000002
2021-11-01,2023-02-26,2023-04-30,DigitalNote will go up in March,Ability visit including positive. Small director account responsibility government special coach. Explain method rich summer require wrong range.,206,6,61,Yen,1481.36166,Ethereum,12457.782924000001
2021-11-13,2022-05-27,2022-06-26,Bytecoin will go up on Saturday,Small space fire support item form. Laugh yes floor follow create which. Work hotel more gas probably. Produce board until man agent.,94,89,51,Dogecoin,652.653078,Yen,2662.496683
2021-11-14,2022-04-12,2022-09-01,Ripple will go up in April,Receive focus serious able story with increase. Across small show improve trouble. Stay fact admit doctor particular edge. Most each quality majority director well past think.,61,57,26,Bitcoin,20072.87515,Yuán,24567.969294
2022-03-21,2022-07-28,2022-12-09,Burstcoin will go down in September,Return sea whatever. Rate establish term our something some deep. Meet watch deal.,1,42,80,Bitcoin Cash,12964.326847999999,US-Dollar,13416.78275
2021-10-14,2022-01-30,2023-01-14,Decred will go up on Friday,Admit himself color herself. Two act into five middle scientist. Well feel outside itself Republican edge.,102,33,96,Litecoin,1863.739552,Yen,21342.277403
2022-01-30,2022-12-11,2023-04-15,Coinye will go up on Friday,Religious night read into contain hit teacher start. Officer back development middle office total doctor. Five voice say finally accept camera our.,169,15,18,Dogecoin,1001.65875,Yuán,1485.84009
2022-01-11,2022-03-23,2022-07-06,Sirin Labs will go down in October,True teacher budget black cover we operation. Population protect individual choose might high worry much.,0,54,82,Yen,97.77602399999999,Canadian-Dollar,455.30798899999996
2022-01-22,2022-03-19,2023-05-08,Auroracoin will go down on Tuesday,Special campaign visit. Bag land these summer yet score. This whole size size listen still everyone field. Life national stock woman more space statement edge.,168,70,52,Ethereum,299.624544,Yen,170.234493
2022-04-09,2022-07-24,2022-12-09,Ethereum will go down in February,Medical much structure guy movement. Work daughter to next woman relationship. Condition laugh investment bill fly financial trial.,60,46,40,Euro,18512.089869,Ethereum,473.282652
2021-06-21,2021-08-12,2022-01-10,Sirin Labs will go down in April,Add say thank individual. Stop nation letter sound evening. Suffer particular team natural. Realize authority paper pick. Five ahead country movie across mention condition.,104,71,39,Dogecoin,15663.376767999998,Yuán,36591.006672
